url,title
https://www.reddit.com/r/NicotinePouch/comments/1anot67/sesh_doesnt_get_much_mention_around_here/,r/NicotinePouch - Sesh doesn't get much mention around ...
https://www.reddit.com/r/NicotinePouch/comments/12447o9/sesh_nic_pouches_anyone/,Sesh Nic Pouches? Anyone? : r/NicotinePouch
https://www.reddit.com/r/NicotinePouch/comments/1az3kqq/good_morning_sesh_with_sesh/,r/NicotinePouch - Good morning sesh with sesh
https://www.reddit.com/r/NicotinePouch/comments/1bpciqs/first_time_trying_sesh_never_even_heard_of_the/,"First time trying Sesh, never even heard of the brand. A ..."
https://www.reddit.com/r/NicotinePouch/comments/184g9sl/stoked_to_try_this_mango_sesh/,Stoked to try this Mango Sesh : r/NicotinePouch
https://www.reddit.com/r/NicotinePouch/comments/1aku6s6/what_are_you_choosing_to_enhance_the_late_night/,What are you choosing to enhance the late night study sesh
https://www.reddit.com/r/NicotinePouch/comments/1ddwqqo/sesh_clear/,Sesh clear : r/NicotinePouch
https://www.reddit.com/r/NicotinePouch/comments/1d1e0b8/in_your_experience_what_is_the_best_flavor_of/,"In your experience, what is the best flavor of pouch that you ..."
https://www.reddit.com/r/NicotinePouch/comments/12ufcsi/anybody_have_a_take_or_impression_on_sesh_or_nics/,Anybody have a take or impression on Sesh+ or NIC-S?
https://www.reddit.com/r/NicotinePouch/comments/1d8z4un/latest_nicokick_order/,Latest nicokick order : r/NicotinePouch
https://www.reddit.com/r/NicotinePouch/comments/1dzdjmk/can_someone_give_me_a_good_alternative_to_zyn/,Can someone give me a good alternative to zyn??
https://www.reddit.com/r/NicotinePouch/comments/1dlea99/can_anything_compare_to_zyn/,Can anything compare to ZYN ? : r/NicotinePouch
https://www.reddit.com/r/NicotinePouch/comments/1e3dupo/best_mint_pouch/,Best mint pouch? : r/NicotinePouch
https://www.reddit.com/r/NicotinePouch/comments/1bgj4ex/recommendations/,Recommendations : r/NicotinePouch
https://www.reddit.com/r/NicotinePouch/comments/1byetps/where_to_find_moist_pouches_in_usa/,Where to find moist pouches in USA? : r/NicotinePouch
https://www.reddit.com/r/NicotinePouch/comments/1dx1ivg/us_velos_are_cheeks_how_much_better_are_the/,"US Velos are cheeks, how much better are the swedish ..."
https://www.reddit.com/r/NicotinePouch/comments/1cgz10e/trash/,Trash. : r/NicotinePouch
https://www.reddit.com/r/NicotinePouch/comments/144hcub/favorite_brandsflavors/,Favorite brands/flavors : r/NicotinePouch
https://www.reddit.com/r/NicotinePouch/comments/1eejycp/looking_for_no_throat_burn/,Looking for no throat burn. : r/NicotinePouch
https://www.reddit.com/r/NicotinePouch/comments/1e03l37/does_zyn_make_anyone_else_feel_ill/,Does zyn make anyone else feel ill? : r/NicotinePouch
https://www.reddit.com/r/NicotinePouch/comments/1dlibxd/ranking_most_of_the_nicotine_pouches_available_in/,Ranking (most) of the Nicotine Pouches available in ...
https://www.reddit.com/r/NicotinePouch/comments/1c37tj7/are_on_pouches_supposed_to_have_loose_powder_in/,"Are on! pouches supposed to have loose ""powder"" in the ..."
https://www.reddit.com/r/NicotinePouch/comments/1ar07x8/anyone_ever_fall_asleep_with_a_pouch_in/,Anyone ever fall asleep with a pouch in? : r/NicotinePouch
https://www.reddit.com/r/BurryEdge/comments/1cowzid/haypp_group_capitalizing_on_the_nicotine_pouch/,HAYPP Group: Capitalizing on the Nicotine Pouch Craze
https://www.reddit.com/r/NicotinePouch/comments/18mwzm4/sesh_wintergreen_6mg_is_out_of_stock_everywhere/,Sesh+ Wintergreen 6mg is out of stock everywhere
https://www.reddit.com/r/NicotinePouch/comments/1cfo1tm/why_do_i_hear_so_much_bad_about_rogue_pouches/,Why do I hear so much bad about rogue pouches?
https://www.reddit.com/r/NicotinePouch/comments/166p6yc/lx_lix_pouches_discontinued/,L!X (LiX) pouches discontinued : r/NicotinePouch
https://www.reddit.com/r/NicotinePouch/comments/1459bpb/least_irritating_pouches/,Least irritating pouches? : r/NicotinePouch
https://www.reddit.com/r/NicotinePouch/comments/15zbtlg/are_there_any_sesh_deals_happening/,Are there any Sesh deals happening? : r/NicotinePouch
https://www.reddit.com/r/NicotinePouch/comments/170xal7/fre_pouches/,Fre pouches : r/NicotinePouch
https://www.reddit.com/r/NicotinePouch/comments/1e5ppc2/american_zyn_nicotine_pouches_have_to_have/,American Zyn nicotine pouches have to have something ...
https://www.reddit.com/r/NicotinePouch/comments/13pylxv/recommendations_for_other_brands_than_velo_and/,Recommendations for other brands than Velo and Lyft?
https://www.reddit.com/r/NicotinePouch/comments/1e2fh0f/lucy_pouches_wtf/,Lucy Pouches wtf : r/NicotinePouch
https://www.reddit.com/r/NicotinePouch/comments/1472s6i/pouches_that_arent_harsh_on_the_gums/,Pouches that aren't harsh on the gums : r/NicotinePouch
https://www.reddit.com/r/NicotinePouch/comments/1e7d9yw/anyone_else_still_a_fan_of_rogue/,Anyone else still a fan of Rogue? : r/NicotinePouch
https://www.reddit.com/r/NicotinePouch/comments/1cvwdm3/still_cant_find_zyn_but_my_gas_station_started/,Still can't find Zyn but my gas station started carrying these.
https://www.reddit.com/r/NicotinePouch/comments/1e9u8r5/never_buying_us_nps_again/,Never Buying US NPs Againâ€¦ : r/NicotinePouch
https://www.reddit.com/r/NicotinePouch/comments/1daqv12/zyn_wintergreen_alternative/,Zyn Wintergreen alternative : r/NicotinePouch
https://www.reddit.com/r/NicotinePouch/comments/1b0876y/anybody_ever_had_these_picked_these_up_at_a_gas/,Anybody ever had these? Picked these up at a gas station. ...
https://www.reddit.com/r/NicotinePouch/comments/1eztoi6/what_are_we_doing_now_that_zonnic_is_effectively/,What are we doing now that Zonnic is effectively banned? ...
https://www.reddit.com/r/NicotinePouch/comments/1b13wra/got_my_nicokick_order/,Got my nicokick order! : r/NicotinePouch
https://www.reddit.com/r/NicotinePouch/comments/1bnvhfg/can_someone_give_me_the_lowdown_on_zone_before_i/,Can someone give me the lowdown on Zone before I buy?
https://www.reddit.com/user/MaxCunningham_Sesh/,u/MaxCunningham_Sesh
https://www.reddit.com/r/NicotinePouch/comments/1dcq44n/why_does_the_us_only_get_dry_portions/,Why does the US only get dry portions? : r/NicotinePouch
https://www.reddit.com/r/NicotinePouch/comments/1cv02xv/what_product_is_closest_to_zyn/,What product is closest to zyn? : r/NicotinePouch
https://www.reddit.com/r/NicotinePouch/comments/1bhdtlf/why_dont_we_get_these_strengths_in_the_us/,Why don't we get these strengths in the US?
https://www.reddit.com/r/NicotinePouch/comments/1dtl479/what_went_wrong/,What went wrong : r/NicotinePouch
https://www.reddit.com/r/NicotinePouch/comments/1dnrmbk/anybody_try_this_brand/,Anybody try this brand? : r/NicotinePouch
https://www.reddit.com/r/NicotinePouch/comments/1eikbnb/what_brands_of_moist_pouches_are_available_in/,what brands of moist pouches are available in american ...
https://www.reddit.com/r/NicotinePouch/comments/17rtsyk/what_happened_to_zonnic_in_canada/,what happened to zonnic in canada? : r/NicotinePouch
https://www.reddit.com/r/NicotinePouch/comments/1doydv3/zyn_shortage/,Zyn shortage : r/NicotinePouch
https://www.reddit.com/r/NicotinePouch/comments/1cl1kc5/help_in_a_flavor_ban_state_what_should_i_try/,"in a flavor ban state, what should I try? : r/NicotinePouch"
https://www.reddit.com/r/NicotinePouch/comments/1efr2hm/gum_irritation_not_where_i_place_pouches/,Gum irritation not where I place pouches : r/NicotinePouch
https://www.reddit.com/r/NicotinePouch/comments/15ddd9f/fre_pouches/,FRE pouches : r/NicotinePouch
https://www.reddit.com/r/NicotinePouch/comments/18ao91k/chewing_pouches/,Chewing pouches : r/NicotinePouch
https://www.reddit.com/r/NicotinePouch/comments/13xx53w/i_need_to_quit_rogue/,I need to quit Rogue : r/NicotinePouch
https://www.reddit.com/r/NicotinePouch/comments/1dscqml/the_zyn_shortage_is_effecting_me/,The zyn shortage is effecting me :( : r/NicotinePouch
https://www.reddit.com/r/PipeTobacco/comments/1e0hpyb/i_hate_zyn/,I hate zyn : r/PipeTobacco
https://www.reddit.com/r/NicotinePouch/comments/1e2ou2q/mint_that_doesnt_taste_like_salt/,Mint that doesn't taste like salt? : r/NicotinePouch
https://www.reddit.com/r/NicotinePouch/comments/1ehvyp8/nicotine_pouches_have_been_better_for_my_personal/,Nicotine pouches have been better for my personal health ...
https://www.reddit.com/r/NicotinePouch/comments/13imjcf/cheapest_place_to_get_zyn/,Cheapest place to get Zyn? : r/NicotinePouch
https://www.reddit.com/r/NicotinePouch/comments/143akgc/on_makes_my_lip_scaly_while_zyn_doesnt/,ON! Makes my lip scaly while Zyn doesn't : r/NicotinePouch
https://www.reddit.com/r/NicotinePouch/comments/1ew9y0z/sizesshapes/,Sizes/shapes : r/NicotinePouch
https://www.reddit.com/r/NicotinePouch/comments/1c0y17j/does_nicotine_tolerance_build_up_to_100_after/,Does nicotine tolerance build up to 100% after your first ...
https://www.reddit.com/r/NicotinePouch/comments/1dearfe/do_zyns_ever_just_randomly_kick_your_ass/,Do Zyns ever just randomly kick your ass? : r/NicotinePouch
https://www.reddit.com/r/hookah/comments/1ecv068/no_buzz/,no buzz? : r/hookah
https://www.reddit.com/r/NicotinePouch/comments/177b84o/nicokick_excise_tax_in_california_186_of_subtotal/,Nicokick Excise Tax in California - 186% of subtotal. How is ...
https://www.reddit.com/r/HubermanLab/comments/1aht1pp/vaping_without_nicotine_and_chewing_nicotine_gum/,Vaping without nicotine and chewing nicotine gum. Which ...
https://www.reddit.com/r/NicotinePouch/comments/176in5g/anyone_else_have_throat_painirritation/,Anyone else have throat pain/irritation? : r/NicotinePouch
https://www.reddit.com/r/NicotinePouch/comments/1br2dab/hey_fellas_whats_the_best_nicotine_pouches_other/,Hey fellas what's the best nicotine pouches other than zyns ...
https://www.reddit.com/r/NicotinePouch/comments/1f3edad/its_gonna_be_a_good_day/,It's gonna be a good day : r/NicotinePouch
https://www.reddit.com/r/NicotinePouch/comments/1dbadv4/recs_for_good_flavors_outside_of_mint_cinnamon_or/,"Recs for good flavors outside of mint, cinnamon or fruit ..."
https://www.reddit.com/r/Denver/comments/1e4szjy/phillip_morris_announces_600_million_zyn_facility/,Phillip Morris announces $600 million Zyn facility in Aurora ...
https://www.reddit.com/r/Nootropics/comments/9k7q5t/just_tried_some_nicotine_gum_pretty_impressive/,"Just tried some nicotine gum, pretty impressive : r/Nootropics"
https://www.reddit.com/r/NicotinePouch/comments/1b0wc0s/just_me_or_has_nicokick_been_having_quality/,"Just me, or has NicoKick been having quality control issues.."
https://www.reddit.com/r/NicotinePouch/comments/1eq9j4y/which_pouch_is_easiest_on_the_gums/,Which pouch is easiest on the gums? : r/NicotinePouch
https://www.reddit.com/r/NicotinePouch/comments/1bg4vvi/whats_an_american_pouch_similar_to_european_velo/,What's an American pouch similar to European Velo?
https://www.reddit.com/r/NicotinePouch/comments/1dylcp1/snusme_order_landed_didnt_get_held_up_in_customs/,"snusme order landed, didn't get held up in customs this time"
https://www.reddit.com/r/NicotinePouch/comments/1e32pgx/whats_everybody_dipping_on_today/,what's everybody dipping on today? : r/NicotinePouch
https://www.reddit.com/r/NicotinePouch/comments/16dkg99/fre_mega_tins/,FRE Mega Tins : r/NicotinePouch
https://www.reddit.com/r/Nootropics/comments/p3rzsl/observations_and_insights_about_nicotine_as_a/,Observations and insights about nicotine as a nootropic ...
https://www.reddit.com/r/NicotinePouch/comments/15di9vf/am_i_putting_pouches_in_wrong/,Am I putting pouches in wrong? : r/NicotinePouch
https://www.reddit.com/r/NicotinePouch/comments/1ddnrf7/online_order_3/,Online order 3 : r/NicotinePouch
https://www.reddit.com/r/TeamSESH/comments/17vuyw7/bones_is_my_biggest_inspiration_on_life_he_keeps/,Bones is my biggest Inspiration on life. He keeps producing ...
https://www.reddit.com/r/vancouver/comments/18mdlx8/where_are_all_the_zonnics/,Where are all the Zonnics?!? : r/vancouver
https://www.reddit.com/r/NicotinePouch/comments/12ws5lv/canada_law_question/,Canada Law Question : r/NicotinePouch
https://www.reddit.com/r/Snus/comments/1etq1yk/how_do_you_care_for_your_gums/,How do you care for your gums : r/Snus
https://www.reddit.com/r/Biohackers/comments/12ud3w9/strategic_nicotine_use_for_afternoon_focus_and/,Strategic nicotine use for afternoon focus and productivity
https://www.reddit.com/r/Nicotine/comments/1d8vckd/feeling_significant_withdrawlsbrain_fog_after_a/,Feeling significant withdrawls/brain fog after a few cigarillos?!
https://www.reddit.com/r/NicotinePouch/comments/1357cq6/trying_to_quit_vaping_by_using_pouches_but_my/,Trying to quit vaping by using pouches but my gums ...
https://www.reddit.com/r/energydrinks/comments/1dw3xe3/there_is_no_better_start_to_the_day/,there IS no better start to the day : r/energydrinks
https://www.reddit.com/r/Chivalry2/comments/17xoo25/choice_of_drugdrink_during_gameplay_if_thats_your/,Choice of drug/drink during gameplay? (if that's your thing)
https://www.reddit.com/r/Vaping/comments/1dd85bb/i_can_only_shit_with_a_vape_in_my_hand/,I can only shit with a vape in my hand
https://www.reddit.com/r/QuittingZyn/comments/1efm52t/i_made_it/,I made it!! : r/QuittingZyn
https://www.reddit.com/r/quittingsmoking/comments/1d8xnlq/felling_significant_withdrawals_and_brain_fog/,Felling significant withdrawals and brain fog after a few ...
https://www.reddit.com/r/HubermanLab/comments/1cy4ias/how_the_f_do_i_quit_smoking/,How the F do I quit smoking? : r/HubermanLab
https://www.reddit.com/user/Low_Second_4622/,Low_Second_4622
https://www.reddit.com/r/CollegeRant/comments/1doxy0e/i_think_i_disappoint_my_professors/,i think i disappoint my professors : r/CollegeRant
https://www.reddit.com/r/electronic_cigarette/comments/1cfbrrs/trying_to_quit_has_anyone_tried_using_time_lock/,Trying to quit. Has anyone tried using time lock safe ...
https://www.reddit.com/r/trees/comments/1daq4nh/do_you_also_smoke_nicotine_products/,Do you also smoke nicotine products ? : r/trees
