date,text,score,title
07/18/2024 09:10,"i've noticed pouches with synthetic nicotine (like fre) don't hit as hard as nicotine salt pouches. could just be me, but i've noticed it with other synthetics too (sesh and nic-s)",3,american zyn nicotine pouches have to have something else in them
08/01/2023 02:15,"this long long long reply  will not be read but ima type it anyways even though 5 to 10 words could do it hahahajaha but.....no it does not have to be the upper lip....zyn will even tell you it really don't matter (had to talk to cs way to much so glad there is more brands out compared to 4 5 years ago) on! same way sesh cotton mouth actually suggests lower vs upper because it absorbs faster....the upper lip thing has more to do with being discreet than ""proper use"" ....lower lip looks like chew looks like chew can't be used in tobacco free zones (even though there is no tobacco) so get around so they can truly say it can be used anywhere is to say it must be the upper lip so ppl just go with it l....pretty much the same as op is saying about their friends they seen it done one way so thats the way they do it.....but nic salts (what is in 99.9 pouches sold) is delivered sublingual/buccap aka throw the little blood vessels in you mouth...really wanna kick right was put it under your tongue fir a few lmfao please don't lol you might or might not like it to much",1,am i putting pouches in wrong?
02/26/2024 20:52,they are my favorite mango. i wish sesh mango was as good as lucy is,2,anybody ever had these? picked these up at a gas station. i like em
04/22/2023 11:47,"haven‚Äôt tried the sesh, but the nic-s pouches are probably my favorite sold in the us",4,anybody have a take or impression on sesh+ or nic-s?
04/21/2023 17:47,"i was thinking about making a post about this just now hahahahaha.i order on nicokick, and the sesh+ are 3 for $3. i just got my shipment today. put in one 8mg wintergreen of the sesh and it was good, i'll edit this post again tonight/tomorrow after packing a few more.i also got the nic-s, and iirc a few months back i packed several cans and they are on of my favorites.edit: yea for $1 a can on nicokick the sesh+ are great. nic s great as well. also got a lix mix pack and a 15mg fre wintergreen",3,anybody have a take or impression on sesh+ or nic-s?
04/22/2023 07:39,fr√© &amp; l!x are the main brands i get there. that‚Äôs funny. i almost mentioned that too. i suppose i‚Äôll give it a try then.,3,anybody have a take or impression on sesh+ or nic-s?
04/23/2023 04:48,sesh was mediocre i thought.  they felt stiff and not like powder. i liked lix. flavor lasts forever.,2,anybody have a take or impression on sesh+ or nic-s?
04/23/2023 19:56,"l!x has great flavor longevity, yeah.",1,anybody have a take or impression on sesh+ or nic-s?
07/19/2023 17:19,you‚Äôre dead right. i‚Äôm so happy i only a paid $1 for these.,1,anybody have a take or impression on sesh+ or nic-s?
05/01/2023 09:00,little disappointed in nic-s berry. flavor is kind of weird compared to most brands.,1,anybody have a take or impression on sesh+ or nic-s?
05/28/2023 19:18,are they spit free?,1,anybody have a take or impression on sesh+ or nic-s?
07/19/2023 17:19,i‚Äôm not sure i‚Äôd go that far but it wasn‚Äôt voluminous. you could get away with not spitting probably if you‚Äôre careful.,1,anybody have a take or impression on sesh+ or nic-s?
07/21/2023 12:42,l!x is top tier. but nothing beats rouge !,1,anybody have a take or impression on sesh+ or nic-s?
07/19/2023 17:20,you can beat the fuck out of it.,1,anybody have a take or impression on sesh+ or nic-s?
07/21/2023 12:41,nics is great. sesh is mehhh.. very nasty taste in my opinion but you may like it! the mango was gawd awful. the wintergreen is pretty good. nics are all great but be mindful the pouches break pretty dang easy.,1,anybody have a take or impression on sesh+ or nic-s?
07/22/2023 09:03,"this is helpful info as i had the mango in my cart, i think i‚Äôll skip the sesh and try a few of the nic-s. i‚Äôve heard bad things about the fre like it tearing up lips really bad. i currently use rogue, on and zyn. rogue and zyn definitely have the best flavor, the coffee zyn is too good. and the rogue nailed it with the cinnamon, honey lemon, and mango. looking for higher nic level pouches though, on is ok but the only good flavor on has is the coffee. the other flavors are just so bad",1,anybody have a take or impression on sesh+ or nic-s?
06/25/2024 13:45,the brand sesh has 4mg pouches.,2,anybody try this brand?
10/12/2023 21:02,"i disagree with the other comment, i think the burning in your throat from nicotine pouches is not typically acid reflux, it is the nicotine itself irritating your throat. i find that some pouches do it worse than others, and zyns are some of the harshest in that regard. pouches that are milder are lucy, nic-s,  sesh, and to a lesser extent velo. the best solution i can recommend is swallowing your spit with a bit of water when you have a pouch in, as it goes down easier and doesn‚Äôt burn on the way down. or even better is just spitting your salive if the situation allows, that way you dont swallow it to burn in your throat",5,anyone else have throat pain/irritation?
07/19/2024 18:47,was scared away by this sub tbh. i like lucy and sesh. happy for you tho &lt;3,2,anyone else still a fan of rogue?
08/07/2024 13:19,"on! is a great brand. i've tried them all; zyn, velo, and even a sweden brand called sesh. the on! brand always have loose powder within the container. at first i thought it was a busted pouch, which i have confirmed is never the case. it's either that the material used for the pouches is porous enough to let powder through easily, thus meaning you're actually getting less nicotine per pouch, or...it's part of their manufacturing process where some extra powder gets dropped into the container somehow. either way, on! is great. they're super small, won't burn your throat as much as some other brands, and as others have mentioned, won't make you salivate like an animal with rabies.",2,"are on! pouches supposed to have loose ""powder"" in the can? "
07/14/2024 18:37,sesh mint is my favorite,6,best mint pouch?
07/14/2024 19:02,"second for sesh, also lucy and the mango for both brands is very good as well",3,best mint pouch?
07/14/2024 19:30,i can attest! sesh mint has been my favorite now,3,best mint pouch?
07/16/2024 21:21,"i recently started trying some other brands and ran into sesh at a local store. i tried wintergreen and it was okay, but the mint is great. i‚Äôm really surprised i haven‚Äôt heard a lot more about sesh on here‚Ä¶just a handful of mixed reviews.",2,best mint pouch?
07/16/2024 21:26,"yeah, i find it odd that sesh isn‚Äôt mentioned more often here. i find it to be a high-quality product.",2,best mint pouch?
11/15/2023 19:16,[chris travis had some negative things to say about bones](https://www.reddit.com/r/teamsesh/comments/yir9lw/chris_says_fuck_bones_and_el/),1,"bones is my biggest inspiration on life. he keeps producing more flows and rhymes, showing us the endless potentials."
04/23/2023 18:10,"sorry if this isn‚Äôt the right place.not sure if ya‚Äôll have seen or not - but sesh has a nicotine gum that is selling at shell + circle k locations across canada. they have a display on the countertop. i‚Äôm wondering why np‚Äôs that are 4mg/3mg aren‚Äôt allowed to be sold then? np‚Äôs are still a natural health product in canada, no? any help would be great :)",3,canada law question
06/23/2024 16:31,"i buy all my nicotine pouches online and while i mostly get zyn (i have over 1000 points on their rewards), occasionally i will get some other brands they carry because they are cheap and i like trying new ones.none of them really compare to zyn. zyn is the best and even though they have only 15 per container. (20 is standard).my rankings from favorite to least favorite:favoritezynon!veloseshzoneroguejuice headleast favorite",2,can anything compare to zyn ?
07/10/2024 09:47,"american velo is trash. honestly american zyn is the best they have at gas stations and whatnot around here.that's why i decided to finally just order some stuff off nicokick. got a bunch of lucy and sesh coming. lucy seemed better the one time i tried it, but it did say ""made in sweden"" on it.so i think the truth is you just have to get swedish pouches.",2,can someone give me a good alternative to zyn??
07/10/2024 09:20,"lucy seems to be the only one i found that i really enjoyed other than zyn. on, velo and rogue suck! although i've only had the breakers which may not be for everyone. i liked the quality of them enough that i put in an order online for a bunch of regular lucy cinnamon, apple ice and wintergreen. cause they're impossible to find in the wild.i also got some sesh wintergreen, but i haven't gotten them yet. i can let you know though how they compare.so ya zyn were the only ones i liked until i tried lucy. unfortunately you'll have to order online too.",2,can someone give me a good alternative to zyn??
03/25/2024 21:30,"my go to website has them for $2 and thats the price point i usually try to stock up at. most importantly how does strength line up with on! and zyn (9 mg sesh seems to hit me the same as 6mg zyn) where 6-8 is usually my preference and i want to make sure their 6 is enough. besides that i'm not picky but i prefer smaller pouches like on/fre and i think lix was good, i only like menthol flavors so i dont really care if their dragon fruit cooked your gums but which of those minty flavors is the best, they have have like 3 different kinds of minty stuff. i saw that they're wet which is my preference anyway. sorry for long post i just wanna make sure i don't stock up on something thats ass (juicehead)",2,can someone give me the lowdown on zone before i buy?
05/16/2023 07:06,i am also a zyn enjoyer. i usually look for deals and only keep a handful of zyn cans on hand when they aren‚Äôt cheap. the 15 pouch quantity is annoying too aha. zyn are unfortunately the most fully satisfying nic pouch experience that i‚Äôve had thus far. zyn menthol are soo good.i bought a ton of sesh mint and they are alright. 6ish/10 compared to zyn 9/10 imo northerner and prilla run deals sometimes too. i have also noticed that there are only a few domestic nic pouch vendors and very few options compared to what‚Äôs available internationally which is odd. anyone know why this is?,1,cheapest place to get zyn?
12/04/2023 12:31,nah i use sesh and they aren‚Äôt dry,-2,chewing pouches
07/10/2024 15:22,"ya zyn can make me nauseous but i also have a lot of stomach problems and probably a damaged vagus nerve. i'm getting some lucy and sesh soon and hoping i like them better because i'm sick of zyn, and honestly i just feel like i can do better, but unfortunately i live in the us and we have the worst brands like on and velo.",9,does zyn make anyone else feel ill?
07/10/2024 19:38,"i recently switched over to sesh, dig the mango flavor. it‚Äôs definitely easier on my gums, stomach, etc. it doesn‚Äôt hit as hard as zyn, but if you lightly chew it a bit after parking it, the nicotine and flavor release quickly. i hope you enjoy them, good luck",1,does zyn make anyone else feel ill?
06/13/2024 13:18,it happens when i do too much in a day. i do 3 6mg peppermint. any more than 3 times a day and my stomach will not be appreciative. sometimes it happens on the 3rd sesh.,1,do zyns ever just randomly kick your ass?
06/09/2023 12:05,"idk, i just started moist pouches. sesh irritated the hell out of my mouth. really sucks because i bought 50 of them for $2 each on nicokick.",2,favorite brands/flavors
06/05/2024 13:17,"what i did was kind of dumb.i used to use nicotine pouches regularly for like 8 months last year and finally quit.last month i moved and thought i'd treat myself and buy a little tin of pouches and thats it. i ended up buying more throughout the week but came to my senses and stopped (that was about 3 weeks ago).then over this past weekend, i was like ""hey you havent had a black and mild in like a decade maybe try one of those as a little treat"" so i did. i ended up having two more the next two nights before finally being like ""ok this is stupid"" and stopped a few days ago.over the last few days i have had really significant brain fog and fatigue. i later realized that these fucking baby cigars have 100-200mg of nicotine in each of them. thats like 5x the amount of nicotine i used to get over the course of a day using the fucking pouches, all in the span of like one 10 minute walk sesh. also i inhaled most of the cigars, stupid i know but i wanted the buzz i guess. i had no idea these were so nicotine packed.i'm assuming this is contributing to a way more intense withdrawl yeah?how long will this shitty feeling last? obviously thats a shit ton of nicotine compared to my prior habit, and obviously inhaling cigar smoke is bad bad, but still im shocked my brain is this foggy after 3 uses. and it doesnt even feel like cravings which is the weirdest part. theres no part of me that feels tempted to go back to smoking cigars, but my brain is just like something is missing.",2,feeling significant withdrawls/brain fog after a few cigarillos?!
06/05/2024 14:52,"over this past weekend, i was like ""hey you havent had a black and mild in like a decade maybe try one of those as a little treat"" so i did. i ended up having two more the next two nights before finally being like ""ok this is stupid"" and stopped a few days ago.over the last few days i have had really significant brain fog and fatigue. i later realized that these fucking baby cigars have 100-200mg of nicotine in each of them. i used to use nicotine pouches (quit like a month ago) and thats like 5x the amount of nicotine i used to get over the course of a day using the fucking pouches, all in the span of like one 10 minute walk sesh. also i inhaled most of the cigars, stupid i know but i wanted the buzz i guess. i had no idea these were so nicotine packed.i'm assuming this is contributing to a way more intense withdrawl yeah?how long will this shitty feeling last? obviously thats a shit ton of nicotine compared to my prior habit, and obviously inhaling cigar smoke is bad bad, but still im shocked my brain is this foggy after 3 uses. and it doesnt even feel like cravings which is the weirdest part. theres no part of me that feels tempted to go back to smoking cigars, but my brain is just like something is missing.ive also been dealing with some possible dust allergies, so it could be that as well, but my dust allergies have never been this bad ever. maybe it's both too! ahhhhgh",3,felling significant withdrawals and brain fog after a few black and milds??
03/27/2024 16:47,"a good friend of mine that i've known from the snus world for 15 years was one of the creators of that brand.  really good dude, they put a lot of work into this brand.  really high quality stuff.",9,"first time trying sesh, never even heard of the brand. a friend bought these for me. i like them! (i usually use rogue or zyn)"
03/27/2024 16:49,glad to know the snus king him self can vouch for the quality of sesh. have you done a video on sesh?,4,"first time trying sesh, never even heard of the brand. a friend bought these for me. i like them! (i usually use rogue or zyn)"
03/27/2024 16:52,"i haven‚Äôt, it‚Äôs been ages since i had it.  i tested it when they were first making it, so i didn‚Äôt review it then.",3,"first time trying sesh, never even heard of the brand. a friend bought these for me. i like them! (i usually use rogue or zyn)"
03/27/2024 19:13,their nicotine gum is fab,3,"first time trying sesh, never even heard of the brand. a friend bought these for me. i like them! (i usually use rogue or zyn)"
03/27/2024 16:46,"more contexts i usually use general snus, rogue, or zyn. these remind more of actual snus.",1,"first time trying sesh, never even heard of the brand. a friend bought these for me. i like them! (i usually use rogue or zyn)"
08/14/2024 12:47,"just picked some up they look fire, about to toss one in",1,"first time trying sesh, never even heard of the brand. a friend bought these for me. i like them! (i usually use rogue or zyn)"
03/27/2024 19:48,have one can coming my next order. try em out,1,"first time trying sesh, never even heard of the brand. a friend bought these for me. i like them! (i usually use rogue or zyn)"
03/27/2024 20:48,"i bought some and was about to try it until i found out it has wheat fiber (alba fiber)‚Ä¶ sucks to have celiac and a wheat allergy, but glad i checked since i already made that mistake once with another pouch. i will just live vicariously though y‚Äôall.",1,"first time trying sesh, never even heard of the brand. a friend bought these for me. i like them! (i usually use rogue or zyn)"
03/28/2024 00:52,i wonder what that does in a pouch seems so weird to have to look for gluten free pouches. edit:(oh wait maybe the fiber it's made out of? if not i'm completely confused here ü§£),1,"first time trying sesh, never even heard of the brand. a friend bought these for me. i like them! (i usually use rogue or zyn)"
03/28/2024 06:43,"i believe it‚Äôs part of the filler, not sure it‚Äôs the main filler though on these. others i think it‚Äôs a main bulk of it. and yeah, it feels really stupid to have to look at that but (at least on american pouches) there‚Äôs no actual requirement to list ingredients or even allergens (granted fda may not realize anyone is using allergens yet). granted it may be fine for celiacs as i never had any celiac reactions with the other pouch but my hands broke out for weeks before i realized it was wheat based. then again i am apparently not very sensitive to gluten compared to how some celiacs can be.",2,"first time trying sesh, never even heard of the brand. a friend bought these for me. i like them! (i usually use rogue or zyn)"
05/23/2024 11:59,"hey, random question. i currently am trying to get off vaping and want to try nicotine pouches. i also have celiac, can i ask you which ones are gf in your experience?",1,"first time trying sesh, never even heard of the brand. a friend bought these for me. i like them! (i usually use rogue or zyn)"
05/23/2024 19:48,"in the us velo, rogue, zyn, and i believe on should all be safe. generally it‚Äôs pretty unusual to find ones that are not. swedish ones all have very good labeling on them with e numbers so it‚Äôs easy to tell what is used in them. generally in the us i would stick with big tobacco owned brands and they are insanely particular with what goes in products. if a company discloses their ingredients you likely are good as well but if they just say ‚Äúplant fiber‚Äù i would reach out to them to verify as labeling requirements for ingredients don‚Äôt exist in the us tobacco laws at this point.",1,"first time trying sesh, never even heard of the brand. a friend bought these for me. i like them! (i usually use rogue or zyn)"
03/28/2024 14:07,they look good my normal is zyn and rogue too,1,"first time trying sesh, never even heard of the brand. a friend bought these for me. i like them! (i usually use rogue or zyn)"
07/25/2024 20:59,"these are pretty good but hit and miss. the buc-ee‚Äôs stores carry these‚Ä¶i think i read they had some exclusive brand partnership. i got some wintergreen and it tasted okayish and had pouches that were pretty stiff and stuck together in one clump (they weren‚Äôt expired according to the date). gave it another try with the mint, and the pouches were nice and soft and not in a brick. it tasted pretty good too. i would be more apt to go for these as a regular if i could guarantee the pouches were soft and not dried out.",1,"first time trying sesh, never even heard of the brand. a friend bought these for me. i like them! (i usually use rogue or zyn)"
09/08/2023 18:08,"fre is in my top 5 for sure, along with zyn and i really do enjoy on! as well. i mainly like mints and menthol. zyn is just so expensive and only 15 pouches. juice head was very mediocre when i tried it plus the pouch texture is not enjoyable imo. i didn‚Äôt enjoy sesh very much either.i really only buy zyn these days if it‚Äôs on sale or in a pinch locally. i‚Äôm hoping we get more options in the next few years in the us. international market has so many different options comparatively",3,fre mega tins
07/30/2023 01:34,"ordered some from nicokick cause they were on sale. they are hard like sesh pouches and kinda sticky. not horrible. but, is it normal they have more than 20ct in them? first one had 22 and second had 21. 3rd has 23. yaaay me i guess! most manufacturers crack down on quantity control.",5,fre pouches
07/30/2023 19:50,"i noticed they're harder than sesh to crush. it's like a hard paste. not the typical powder. i've tapered down mg vaping for 7 years and have been vaping 3mg for 4 years. higher mg just gives me headaches. rogue is juicy af but irritates my teeth and gums randomly. lix are perfect for me. wasn't a fan of sesh,zyn,on,valeo. juice head took a while to get used to the flavor and is mediocre.",1,fre pouches
02/27/2024 12:29,"dragonfruit is the best velo imo, my go to for a subtle sweet flavor when i don‚Äôt want mint. you would probably like lucy mango, they‚Äôre moist and bigger pouches than zyn, i like the mint. i want to try sesh and nic-s on my next order!",2,got my nicokick order!
02/27/2024 19:06,sesh wintergreen is my favorite nic pouch,1,got my nicokick order!
07/30/2024 16:07,"lab and fumi are the only brands i know off hand . they are european , i think sesh may not use ace k as well but not sure",2,gum irritation not where i place pouches
05/10/2024 14:50,"i run a small hedge fund based out of raleigh, nc. myself and my fund are long $haypp. please see the disclaimer at the bottom of the post. for more blog posts like this check out my fund's blog at¬†[https://www.rogue-funds.com/blog](https://www.rogue-funds.com/blog)*all financial figures are in usd unless otherwise specified.*i think haypp group, the biggest online retailer of nicotine pouches, can capture a huge chunk of the sales in what i believe will be the biggest form of nicotine intake growth over the next 10-15 years.the future of nicotine consumption will be nicotine pouches and it is growing at an unprecedented rate. here in the states the go to item for nicotine pouches are zyn‚Äôs (owned by philip morris), in europe it‚Äôs velo (owned by british american tobacco), but there are various other brands that all catching fire: on! (altria), rogue, juice head, fre, lucy, and sesh, among various others.**what is haypp?***brief history*haypp is an online retailer and distributor of nicotine pouches and snus. the company was started by a couple of swedish teenagers in 2009 and through mergers and acquisitions they no longer are in charge of the company as the current ceo joined in 2017/2018. the company bought nicokick.com and northerner.com (northerner owns 9% of stock) which are now both of their main american brands. they switched from snus to nicotine pouches 6 years ago and haven‚Äôt looked back.[domains owned by haypp group](https://preview.redd.it/gr3kxwm5anzc1.png?width=975&amp;format=png&amp;auto=webp&amp;s=383bb5d7ac692fe7323192c608ae812b46f4e7c1)haypp currently owns a roughly 85% online market share for their nordic part of the business, which they refer to as their ‚Äúcore‚Äù business as well as a \~55% market share of the oral nicotine market (85% market share of the nicotine pouch e-commerce market) for their growth market which is considered the us, uk, germany, and swiss countries.[market share of haypp](https://preview.redd.it/r9y53fg7anzc1.png?width=975&amp;format=png&amp;auto=webp&amp;s=b11912ca8e532bc15d9b2d918bc4fa2673c3a917)[haypp vs closest competitor in each market](https://preview.redd.it/dsu4sxm8anzc1.png?width=975&amp;format=png&amp;auto=webp&amp;s=82be786825f001a4617db95ea6b88795b16aaeb0)*seo powerhouse*so how do they have such a grasp on what would obviously be a hyper competitive online industry? the main reason for their hyper success in the online market is that they have a death grip on the seo landscape. their mastery of seo allows them to spend almost nothing on marketing and to keep pushing out their distribution system (which continues to drive costs down for them and consumers). this creates a positive feedback loop as they become even cheaper than their competitors, allowing them to lock in customers (over 90% of the customers becoming recurring customers).[how consumers find haypp](https://preview.redd.it/qevmp0qaanzc1.png?width=643&amp;format=png&amp;auto=webp&amp;s=ad031f2035197c31f321a03926d954b33f2357b4)[haypp marketing expenses as a &amp;#37; of sales](https://preview.redd.it/fru8h8xbanzc1.png?width=683&amp;format=png&amp;auto=webp&amp;s=5a9e6014be0a78d76582c962afb0219ebfd53778)if you google just about anything related to nicotine pouches, there is probably a 95%+ chance that the top unpaid search result will be a haypp group domain. even niche searches such as ‚Äúwhat is an upper decky‚Äù (gen. z slang for nicotine pouches) or basic searches such as ‚Äúwhat are the top nicotine pouches‚Äù you will see that haypp group owns the top of the search.https://preview.redd.it/e7ocu0jdanzc1.png?width=975&amp;format=png&amp;auto=webp&amp;s=f8e80b8d743de3dc9133504bd6ff85dbbaee48bb[google searches highlighting the seo power of haypp](https://preview.redd.it/symd8zueanzc1.png?width=975&amp;format=png&amp;auto=webp&amp;s=176783915281075fdb07a1b83ee6b18f2978f24c)this is huge when sites like google severely limit the amount of advertising that addictive products can utilize on their search engine. haypp ends up barely spending anything on marketing due to 40% of new customers coming through word of mouth and the rest from seo.*data*their other field of expertise is data collection and selling. due to the large variety of pouches and being the number one online seller of nicotine pouches, they have created a major database which they sell to various nicotine pouch producers such as philip morris and altria. producers buy these on an annualized basis, and you can see the usage of their data among the investor relation reports/presentations/websites of various producers. as you can see from my beautiful pictures on this post, they compile plenty of data to help me understand the business better.¬†*lowest cost seller and best e-commerce distribution*due to their distribution network, haypp has become one of the cheapest (if not the cheapest) sellers of nicotine pouches in the world. you can buy zyn‚Äôs cheaper from haypp websites than you can from the zyn website. haypp‚Äôs prices are 20-40% cheaper than grocery stores and 30-50% cheaper than convenience stores.they have been integrating their distribution network so that most variable costs are being converted to vertical fixed costs creating operating leverage for them as they rapidly scale their revenue and are able to increase margins. they have implemented 2-day delivery across the us and close to implementing across europe markets as well.https://preview.redd.it/0sajvfgkanzc1.png?width=975&amp;format=png&amp;auto=webp&amp;s=3aad16b9df1be7bf6bbcc8f16ebf8c469c15b3a0[haypp distribution](https://preview.redd.it/cbanlyvlanzc1.png?width=975&amp;format=png&amp;auto=webp&amp;s=537d2414b3c56538902bbf1594f78fe77b44f089)*leveraging market share for high quality new products*the last part of their business model is their ability to leverage their large consumer base to help new products capture market share, which allows them to capture higher margins on their products and it increases the variety of products which consumers would like to buy. in nordic countries the variety of products is a benefit to them as consumers want to try various brands and flavors. when this competition trend hits the us it will only benefit them even more.¬†**why haypp vs pouch companies**currently in the us there are only a couple main brands with zyn owning a huge chunk of the market. in europe, velo is the most popular brand but there are many nordic brands that consistently attack margins and currently there is little competition in the us market which most likely won‚Äôt last much longer. as consumers search out the cheapest product and try to hunt for variety, haypp will be that future as convenience stores lag in variety and cost.products such as zyn will definitely continue to grow (currently zyn is growing at 70% y/y) but we could see margins shrink as competition becomes fiercer and consumers branch out away from the first movers, although zyn continues to take up 70% of the us market. this only further benefits haypp as they are the go-to spot for a large amount of variety. although they don‚Äôt benefit as much from less competition, they are still beneficiaries of an oligopoly esque market due to their cost and distribution networks.most large publicly traded pouch companies are also cigarette and chewing tobacco sellers who are rapidly seeing those segments get cannibalized by vaping and nicotine pouches combined with regulatory crackdown risk. since haypp has no exposure to either one, you will not experience any cannibalization outside of snus cannibalization in the nordics. this is the best pure play bet on nicotine pouch consumption.certain countries have limited the ability for consumers to have access to nicotine via retail stores which will allow them to take huge shares of the overall market in places like germany or in california where they have banned flavored nicotine products in retail stores has led to windfall of customers to haypp‚Äôs e-commerce model.¬†**management**the current ceo of haypp group, gavin o‚Äôdowd, used to work for british american tobacco (bat) and was the driving force for the velo acquisition. he currently owns 3.6% of the stock and various other pe firms and family offices own large chunks of haypp. most executives have warrants that could give them the right to 200k-400k shares each (29m shares outstanding with no serious history of dilution).¬†**regulations**as many of you are aware, regulations are a huge part of the nicotine industry. taxes are going to be huge risks, which are then combined with flavor bans. i think nicotine pouches are one of the products that are least likely to get hit with serious bans since their health risk is much lower than almost any other nicotine product.the nicotine pouch industry as a whole has been behaving spectacularly well when it comes to ensuring they are not purposefully marketing to young people. they are trying to avoid having a juul 2.0 fiasco which basically murdered that business and completely fragmented the vaping industry which is on the brink of regulatory crack down.haypp does their part by ensuring age regulation across their whole site. they have age verification to order and deliver. they have a huge emphasis on ensuring that they abide by the law.¬†**financials***core segment (nordic countries)*the company is growing heavily in every segment that it operates in. its core segment seems to be slowing down in growth due to heavy cannibalization from snus sales. this should only be temporary as nicotine pouch volume grows at 30%+ y/y. once snus nears its cannibalization endpoint, i would expect revenue to begin growing again in its core market (although not at 30%). current revenue is $250m usd and ebitda is about $18m usd for just the core segment for the last twelve months. management expects high single digit ebitda margins for 2025.[core segment sales and ebitda margin](https://preview.redd.it/yzcdzgtoanzc1.png?width=526&amp;format=png&amp;auto=webp&amp;s=b25fafa6bcdf821a4a36de2cafa09aaa625b67bf)*growth segment (us, uk, germany, switzerland)*the growth segment is skyrocketing. growth is over 46% y/y and this growth has been consistent and should continue to be consistent. ebitda margin for the growth markets has begun to inflect positively which will cause a massive amount of leverage in their ebitda to occur as their fixed cost model begins to do its job. as economies of scale drive forward, we should see this margin increase substantially over the coming years. currently revenue is at $77m usd for growth markets and ebitda is at -$3.5m usd.[growth segment sales and ebitda margin](https://preview.redd.it/5dwt225qanzc1.png?width=515&amp;format=png&amp;auto=webp&amp;s=09f25d4e92c17667ae4129e1d28e0b3a0be59a9b)*let‚Äôs talk about the growth segment a bit more.*this is where the real value from haypp will come into play. while it currently begins to inflect positive in terms of profitability, it should be noted that the growth markets have a massive tam compared to their core market and could cause the company to 5x in the next few years if they maintain or gain market share and continue to grow in these massive tams.*total tam growth*as they grow, their competitive advantage deepens due to sticky customers and cheaper products from economies of scale. the us has an even faster scale of 49%+ growth y/y and haypp is outpacing the us nicotine pouch growth at 57% y/y. as the us begins to approve various products and variety begins to flood the us market, a ton of us users want to try various nordic brands that don‚Äôt have access which lends a very strong lean towards an online website such as haypp. the us is a very ripe environment along with the uk and germany (where nicotine can only be sold online) for haypp to continue to outperform massively.*emerging segment*their ‚Äúemerging‚Äù segment is where they have begun to introduce vapes into their value chain. haypp is beginning to sell vapes to uk and germany, but it is at the very beginning stages and has no current significant impact on their bottom or top line. the company says the growth they are experiencing in this segment has been very similar to the growth that they experienced when they introduced nicotine pouches in growth markets. this is the most likely segment to get hit with regulatory concerns, so for now i won‚Äôt even consider this in a to be a profitable unit and will just assume it will be a small drain on ebitda for the foreseeable future.*balance sheet*the balance sheet is great with no large debt burden and good working capital management. as they hit profitability this year/early next year i would expect a cash build up until the company decides if they will be returning cash to shareholders or reinvesting in the business.¬†**valuation**haypp is extremely undervalued based on where they are from a profitability standpoint and their current inflection point. due to their high growth, it will be hard to pinpoint an exact value on them so this will merely be an exercise in estimating their value among a range more than usual (anyone who claims they can perfectly value a high growth company is probably overvaluing due to unsound conviction).¬†first let‚Äôs look at how they are currently valued, which is roughly 14x their **core** ebitda. now let‚Äôs take a second and think about how insane that statement was. their core market is the nordic countries which will be hitting growth again as their snus cannibalization slows, the nordic countries basically have no further regulation risk for nicotine pouches, and it is a noncyclical industry. i would argue that 14x their core ebitda is probably an appropriate valuation based on **only** their core segment.what this means is (if you haven‚Äôt noticed already) that you are getting their ‚Äúgrowth‚Äù segment for **free** based on the valuation of the stock. the growth segment alone is probably worth multiples of the current stock price due to the massive tam and extreme growth prospects. if we assume the emerging segment is worthless (which it isn‚Äôt and it will be profitable at some point) then that means all of the upside in the stock can be based on what the value of the growth segment. based on tam, growth, and lack of cyclicality then this leaves the only risk as regulation.there will most likely be some sort of regulation, but we are very far from that as the tobacco industry has been very careful in how they implement their new nicotine pouch momentum in a more appropriate way compared to vapes. the most likely regulations will probably be flavor bans of some sort or retail bans (which further benefits haypp). regulations will most likely be limited in scope due to just the sheer lack of mortality risk associated with pouches vs any other form of common nicotine intake.based on their probable conservative revenue growth (40% average for the next 3 years, and 15% after that), ebitda growth, the fact that they will have both core and growth markets at high single digit ebitda margins in 2025, and their lack of cyclicality, then i would estimate that their growth markets are worth a very conservative $400m-$500m usd. i am likely undershooting the valuation because they are driving profitability very fast and their revenue is growing closer to 40%-60% in growth markets right now. if they are able to keep up current growth figures and expand to double digit margins before the end of the decade then they could be worth 2x-3x this value (which is why valuing growth companies are so hard, because i can‚Äôt foresee the future). again, i valued the emerging segment as worthless which is unlikely as well.so, based on the value of $450m usd for the growth markets and the current value of $240 usd for the nordic markets, that would create a sum of the parts equal to roughly $700m or nearly triple the current share price. this valuation leaves a ton of room for margin expansion and higher growth prospects because let‚Äôs face it, the us alone is probably worth at least 3x-5x more than the nordic countries not including the uk, germany, or swiss. this is a very conservative valuation for the company, but it shows how great the risk/reward is based on the current price. using a conservative valuation here also helps accommodate for regulation risk.in sek terms this would be 250 sek/share or 7.35b sek.**conclusion**even accommodating for regulation risk, a valuation of $700m seems appropriate as a starting point for the valuation for haypp group. i think there is a very high likelihood that i could be off on this by a large margin, but i feel like the downside is very protected with this valuation. management has been great in execution and i expect that to continue. in a more bullish case where every segment of the company fires on all cylinders we could see a valuation of $1.5b+, but that is not a scenario that i would like to bet my investors‚Äô money on. for now, i will stay invested and keep watching them execute and adjust my valuation accordingly.*disclaimer: the author of this idea and his fund have a position in securities discussed at the time of posting and may trade in and out of this position without informing the reader.**opinions expressed herein by the author are not an investment recommendation and are not meant to be relied upon in investment decisions. the author is not acting in an investment adviser capacity. this is not an investment research report. the author's opinions expressed herein address only select aspects of potential investment in securities of the companies mentioned and cannot be a substitute for comprehensive investment analysis. any analysis presented herein is illustrative in nature, limited in scope, based on an incomplete set of information, and has limitations to its accuracy. the author recommends that potential and existing investors conduct thorough investment research of their own, including detailed review of the companies' sec and csa filings, and consult a qualified investment adviser. the information upon which this material is based was obtained from sources believed to be reliable, but has not been independently verified. therefore, the author cannot guarantee its accuracy. any opinions or estimates constitute the author's best judgment as of the date of publication and are subject to change without notice. the author and funds the author advises may buy or sell shares without any further notice.*  *this article may contain certain opinions and ‚Äúforward-looking statements,‚Äù which may be identified by the use of such words as ‚Äúbelieve,‚Äù ‚Äúexpect,‚Äù ‚Äúanticipate,‚Äù ‚Äúshould,‚Äù ‚Äúplanned,‚Äù ‚Äúestimated,‚Äù ‚Äúpotential,‚Äù ‚Äúoutlook,‚Äù ‚Äúforecast,‚Äù ‚Äúplan‚Äù and other similar terms. all such opinions and forward-looking statements are conditional and are subject to various factors, including, without limitation, general and local economic conditions, changing levels of competition within certain industries and markets, changes in legislation or regulation, and other economic, competitive, governmental, regulatory and technological factors, any or all of which could cause actual results to differ materially from projected results.*",5,haypp group: capitalizing on the nicotine pouch craze
03/30/2024 23:56,"just got some tins of a brand called sesh and they're pretty good, soft pouches and good taste sadly mine were dry but they're supposed to be moist i believe, they have 4mg",3,hey fellas what‚Äôs the best nicotine pouches other than zyns looking for 3 mg or 4mg at highest ? thanks  in advance 
08/20/2024 16:19,unfortunately white portion is all we have in usa except for sesh pouches,1,how do you care for your gums
05/23/2024 11:01,"zyn, sesh and a variety of other products offer transbuccal nicotine salt patches (no tobacco  and no smoke). they work faster than nicotine lozenges and are the only thing that's kept me off the butts for the past year.",1,how the f do i quit smoking?
06/12/2024 00:44,pretty common actually. paired with coffee by the time i finish my coffee and vape sesh it's time to head to the bathroom.,1,i can only shit with a vape in my hand
07/11/2024 11:41,i fell into that trap.  now i buy swedish nicotine pouches online.  they don't dissolve the same way american zyns do and keep their flavor longer so even after there's no nicotine left in the pouch i still keep it in just for the feel and flavor.  helped me cut down a bunch as i keep one pouch in for a few hours now.  i think sesh is a brand that's available in the states now and is more like the european variants.,3,i hate zyn 
05/06/2024 12:31,i second that on! are garbage. two 8mg feels like one 8mg of a good brand like sesh or lucy,0,"help - in a flavor ban state, what should i try?"
06/02/2023 22:30,try sesh. was easy on my gums.,2,i need to quit rogue
05/26/2024 22:37,sesh wintergreen or mango,3,"in your experience, what is the best flavor of pouch that you have had?"
08/28/2024 14:44,is that a can of sesh down there?,1,it‚Äôs gonna be a good day
06/26/2024 20:16,"that works! i usually avoid outlines because it becomes too cumbersome and tedious as my outline essentially turns into my essay without being my essay (idk if that makes sense). i only use outlines to collect my general thoughts and put down my quotes and resources from my research under general subtitles. another thing i do is save your dirty laundry to do for when you really need/want to do a homework sesh, that way you‚Äôll have a reason to stay out of a place of pure comfort and be productive, this way you can better ensure that you‚Äôre getting your homework done and completing other mundane tasks like laundry or dishes. one other thing i do is, at the beginning of the term, write down on a notepad (legal writing pad), in different colors, every assignment due and when they‚Äôre due along with their score values, and i do this for each class. this way i can satisfy my ocd and organizational desires and distract myself from any anxiety and stress i might be feeling or experiencing from other parts of my life. i hope these tips help you out! if you have any of your own, i‚Äôd love to hear them!",1,i think i disappoint my professors
02/27/2024 12:48,"i‚Äôve used zyn, sesh, and on! and zyn has been the only dry one. i‚Äôm not sure if it‚Äôs custom for pouches to be damp, but the swedish pouches i‚Äôve used have been and have still worked for me",1,"just me, or has nicokick been having quality control issues.."
06/05/2024 18:29,velo is good but eu velo is way better and sesh is actually pretty good since it is a moist pouch because that is what i prefer.,1,latest nicokick order
06/06/2024 00:23,"i just switched completely to sesh from zyn. perfect amount of flavor, slightly sweet, long lasting, better value, and better mouth feel.to add to this. i hate moist pouches and was skeptical when i first tried sesh. but they are barely moist. more like soft? either way i quickly got used to this barely moist pouch",2,latest nicokick order
06/19/2024 14:34,i‚Äôve always wanted to try velo. how are the velos compared to sesh and zynsss. just tried the sesh clear yesterday. they were actually pretty good!,2,latest nicokick order
06/09/2023 12:09,"i've been using zyn cool mint 3mg and 6mg for a year with zero problems on my lips. i'm trying to save money and with zyn being one of the more expensive cans with only 15 pouches i'm looking for alternatives. on is cheap, irritates my mouth. sesh, even worse. looking for a dry pouch that is basically a cheaper zyn clone. anyone know? ",1,least irritating pouches?
07/28/2024 22:21,"try "" sesh "" pouches thank me later",2,looking for no throat burn. 
07/28/2024 22:29,"in my experience, the sesh pouch (espresso/coffee 8 mg) tasted nice and didn‚Äôt burn, but was also rather underwhelming in the effect it produced, despite being an 8 mg &amp; 20-30 minute pouch",1,looking for no throat burn. 
07/29/2024 08:58,"sesh only has wintergreen, mint, mango and an unflavored pouch...i think you're thinking of another brand",1,looking for no throat burn. 
07/13/2024 13:11,"recently i had come across lucy breakers at a kwik fill here in the us. i tried the apple ice breakers and thought they seemed pretty good but would be better without the flavor pack in them. btw these breakers said ""made in sweden"" on the cans.so i got on nicokick and placed my first order ever. i went with 4mg cinnamon, 4mg wintergreen and 4mg  apple ice. i got 11 of them altogether and even added 3 of the 4mg sesh wintergreen. they arrived today and i see they are made in china on the side, but they looked ok. wrong. the cinnamon and wintergreen have the same awful flavor to them. cinnamon tastes nothing like cinnamon. wintergreen had that off flavor with a hint of wintergreen being overpowered by it. the apple ice seemed ok didn't notice this off flavor to them they are just super fruity.personally i feel like they are a waste of money. american zyn are better than this. they hit hard though imo. the sesh were definitely better and they are made in sweden so that's probably why.are there any better quality pouches that you don't have to order from europe? ",2,lucy pouches wtf
07/13/2024 17:52,"ya they really do! the breakers were weirdly better quality so it's like wtf lucy? the sesh are ok though, but nothing special.i guess i'll have to order actual swedish pouches but really don't want to pay that much for shipping.curious to try fumi and helwit.",1,lucy pouches wtf
10/14/2023 15:58,"i liked the dragonfruit in 9 but wanted the 6.  any recommendations for fruit flavors that taste great and last that long.  juice head sucks, zyn taste good but don‚Äôt last. on are just not good.  do fre taste good?  the strength scares me the 9mg lix make me sweat sometime‚Ä¶ lol.  i tried the sesh mango and it was decent.  may go with those.",2,l!x (lix) pouches discontinued
10/14/2023 17:28,"im an exclusive mint person so i can‚Äôt speak to fruit flavors but my favorite brands since lix died have been sesh (the mint is decent as well, but not amazing) but mostly lucy. they are on discount on nicokick at the moment and do have plenty of fruit options so i‚Äôd say give em a tryedit: especially the lucy breakers, i like the mint ones but i bet the fruit ones are fire if you‚Äôre into that sort of thing",1,l!x (lix) pouches discontinued
12/06/2023 19:31,"every pouch i have tried is trash compared to lix. sesh, zyn, on!, velo, rogue, lucy, fre. none of them give the kick. no good flavors. is there any way to get lix to usa ??",2,l!x (lix) pouches discontinued
12/06/2023 20:11,"nope discontinued, but tjp labs is going to start making new ones in 2024. the closest i have found are lucy, sesh, and nic-s (expensive). it sucks tho, i miss them.",2,l!x (lix) pouches discontinued
07/14/2024 17:30,sesh mint is my favorite. best i‚Äôve had thus far.,1,mint that doesn‚Äôt taste like salt?
07/23/2024 03:50,i get 25 pks of wintergreen sesh from nicokick,4,never buying us nps again‚Ä¶
07/23/2024 11:41,"how did you get shipping so cheap?they want to charge me $30 to ship to texas. been using sesh as they're soft and moist, unlike us zyn and on, but would love to try swedish zyn.",2,never buying us nps again‚Ä¶
07/23/2024 15:42,how are those sesh pouches? compared to american zyn,1,never buying us nps again‚Ä¶
10/13/2023 18:58,"anyone know why nicokick charges 186% excise tax in california? my understanding was our excise tax for nicotine related products was 12.5%.... when i tried to order 9 cans of sesh for $9, they try to tax on $16.77 in excise tax. since it's 186% of the retail selling price perhaps it should be renamed excessive tax?california charges an additional 12.5% cet for nicotine.beginning july 1, 2022, retailers of electronic cigarettes (in-state or out-of-state) are required to collect from the purchaser at the time of sale the california electronic cigarette excise tax (cecet) at the rate of 12.5 percent (12.50%) of the retail selling price of electronic cigarettes containing or sold with nicotine. &amp;#x200b;[https://imgur.com/a/eqm2128](https://imgur.com/a/eqm2128)",3,nicokick excise tax in california - 186% of subtotal. how is this legal?
08/01/2024 21:50,sesh,2,nicotine pouches have been better for my personal health than vaping was. what‚Äôs your favorite nicotine pouch brand?
07/26/2024 14:16,"just got my first hookah and had a sesh with a buddy the other night, whats weird is he got a heavy buzz off of a few hits and had to put it down for a while. meanwhile i chain ripped the thing for the full hour and didnt feel close to anything, he also uses higher nicotine pouches and weighs more than me whats up with that?",1,no buzz?
08/14/2021 04:00,"its not wierd. vaping imo is better for regulating dosage, as long as your ""juice"" is dosed and mixed properly. the last time i used nicotine gum (which was to reduce my vape usage), i could tell the nicotine felt wayyy more concentrated than a vape.your not likely to use 6, 4, or even 2 milligrams of nicotine with 1 vaping sesh, but you can get a concentrated dose of nicotine absorbed through the stomach lining (your spit carries the nicotine). i eventually stopped using the gum and just tapered my vape dosage, because the nicotine gum was making me feel way to stressed.",0,observations and insights about nicotine as a nootropic from a former addict - good and bad
06/14/2024 16:04,mango sesh is the only mango flavor i did not like,1,online order 3
06/09/2023 11:56,"no, having the same damn problem. zyn doesn't affect my lips at all. it's really a shame that zyn is more expensive for only 15 pouches. has anyone with sensitive lips found an alternative? and omg do not try sesh, worst i've ever tried for irritation. my throat was messed up from it.",1,on! makes my lip scaly while zyn doesn't
07/16/2024 16:32,"lucy, sesh, zone, zeo for us based ones. when i order from sweden i usually get klint, but the swedish zyn‚Äôs are way better than us ones",9,"phillip morris announces $600 million zyn facility in aurora, creating 500 jobs"
07/16/2024 22:29,i wish the sesh ones were more widely available. only place i‚Äôve seen them was at buccees up north.,3,"phillip morris announces $600 million zyn facility in aurora, creating 500 jobs"
07/16/2024 18:49,"100% i usually get big orders from snusme, but in between orders if i run out i go with any of those other brands. sesh is running a bogo deal right now so i got a stock of those. cool thing about all these new brands popping up is they run hot deals to get their foot in the door",3,"phillip morris announces $600 million zyn facility in aurora, creating 500 jobs"
06/11/2023 22:23,sesh is good,3,pouches that aren‚Äôt harsh on the gums
06/11/2023 16:57,"i've had sensitivity problems with zyn. others have been a lot worse, especially rogue l. if i stick with velo, fre, or sesh i'm totally fine.",1,pouches that aren‚Äôt harsh on the gums
06/21/2024 19:54,"i finally got my hands on some seshes at a buccees so i feel its time to ask you guys what your favorite is, my personal ranking is the order of the poll with zyns being my favorite, would be happy to answer any questions if you are interested in my opinion on the lesser known varieties :)[view poll](https://www.reddit.com/poll/1dlibxd)",2,ranking (most) of the nicotine pouches available in the states
05/23/2023 16:13,zyn lucy sesh are my top 3 all available on nicokick if in usa,1,recommendations for other brands than velo and lyft?
05/23/2023 18:16,how does sesh compare to zyn? been wanting to try but every time i try something other than zyn it‚Äôs not as satisfying.,2,recommendations for other brands than velo and lyft?
03/17/2024 06:48,i‚Äôve been using sesh pouches if your in usa they‚Äôre my favorite brand that‚Äôs not overseas. i don‚Äôt know why but they don‚Äôt get much mention,1,recommendations 
06/08/2024 15:13,"i'm a user of nicotine gum and pouches, and trying to look for products beyond the samey variety of tastes like what nicorette already offers or that you could find in regular chewing gum already.my regular buys have been on!'s coffee flavor or sesh in mango. it'd be sorta fun to branch out to something that comes in like individual fruits/berries, chocolate, vanilla, etc. or just about anything else that's closer to stuff more foody or tea/coffee &amp; mocktail flavors. i'm not picky.(pouches like i've seen advertised as elderflower, dragonfruit, cactus sour, arctic blue gin, pine, etc. sounded interesting to me but wanted to see what others could suggest before pulling the trigger on purchases.)",2,"recs for good flavors outside of mint, cinnamon or fruit blends"
02/25/2024 14:29,i‚Äôve been stuck on these. a little less gum burn than fre which is nice and absolutely no throat burn imo. still has the same weird powdery taste as fre but definitely my favorite pouch right now. nic-s is very similar to these but the flavor isn‚Äôt as good. i tried to post a review of these but my karma isn‚Äôt high enough to post in this group lmao.,5,good morning sesh with sesh
02/24/2024 15:52,i really wanna try these... have to hope they will get them in the eu,3,good morning sesh with sesh
02/25/2024 19:56,my hands down favorite of anything readily available in the us.,2,good morning sesh with sesh
06/19/2024 14:31,sesh clear pouches weren‚Äôt bad at all. felt pretty soft and comfortable. i need to try the flavored ones üòÜ,1,good morning sesh with sesh
02/29/2024 04:36,"◊ë''◊î, browsing here has me seeing what's around, apparently the gimmick with sesh is that they're ""chewing gum like"" to give a release more like.. literal chewing tobacco or gum?¬† so if they die quick apparently chewing is encouraged and if that works properly, instead of getting a your-actual-gumline-ruining mouth burning blast of nicotine at once, you can wait, give a careful chew on it, ""re-up"" off the same pouch and do that every 15-30 minutes or so until it's really exhausted or you're satisfied.¬† interested in trying the rogue gum for the same reason and because some no pouches workplaces are still okay with gum as it's a ""quitting"" product.",1,good morning sesh with sesh
02/11/2024 14:17,finally a normal product and not some ‚Äúextreme blueberry iced mint 50 mg‚Äù garbage.,7,sesh doesn‚Äôt get much mention around here.
02/11/2024 14:25,lol. i know right? part of my issue with what they did to vaping and what‚Äôs ‚Äúpopular‚Äù with pouches. it always starts with good intentions with adults looking for less harmful ways to consume nicotine and ends up with a bunch of ‚Äúnew‚Äù people looking to ‚Äúcatch a buzz‚Äù it ruined the vaping community/industry and will probably eventually kill this here in the us at least. i try to stay off of soap boxes because nobody cares but the over simplification of the evils of nicotine &amp; how the powers that be lean into it for prohibition purposes when nic had nothing to do with what made smoking so harmful to begin with. it should be respected and consumed responsibly however. but when i saw the ‚Äúkids‚Äù start vaping without having been smokers looking for 50-60mg liquids just ‚Äòcuz. now it‚Äôs transitioning over here for people that never smoked or vaped it just drives me absolutely mad.,3,sesh doesn‚Äôt get much mention around here.
02/11/2024 14:52,"you‚Äôre pretty much took all of the words right out of my mouth lol. i started vaping senior year of high school (after first smoking cigs at 14) with cig a like vapes and moved up from there all the way to cloud blowing mods then eventually i hopped on the juul train and that sent my nicotine tolerance way up. moved down to florida in 2019 and started having throat problems from all of the vaping high nic juul and vuse pods. then at some point i found out about nicotine pouches and snus and nic pouches and started using zyn wintergreen and general mint. i eventually stopped nicotine pouches altogether, and switched over to regular swedish snus which still is doing me well. i tried to go back to vaping for a little while but it didn‚Äôt stick and i don‚Äôt see myself ever going back again, plus as you said one of the biggest problems with vaping now is that it‚Äôs geared towards high nicotine, fruity, disgusting, flavored disposables and nic salt. i hope nicotine pouches don‚Äôt follow the high nicotine disposables but that seems to be where some brands are heading. i have no idea how people use some of these pouches that are 20 30 or 50 mg of nicotine.ü§¢",3,sesh doesn‚Äôt get much mention around here.
02/11/2024 15:24,"thank you!! finally someone i can exchange these stories with. i‚Äôm estimating i‚Äôm older than you but similar experiences. i smoked 2.5 packs a day from 18 to about 36. found vaping in 2013 with an old school cigalike, transitioned to super over priced og blu kits. found the og vape reviewers on youtube and dove all the way in. suffered through all the earlier crap technology and was a halfway decent reviewer myself. we actually learned a lot about nic titration, safe voltage and battery limits etc. got too far in to the ‚Äúcloud chasing‚Äù fad and dropped my nicotine too low too fast and actually fell off the wagon &amp; went back to cigs for about a year stupidly. juul actually did reel me back home but 65mg was too much on a long term and unlike most people high nic gives me serious fatigue and makes me really tired. juul served a good temporary purpose because damn their mint was üî• and it was a similar enough experience to make me put cigs down for good. finally i settled into decent pod systems and sensible 10-20 mg mint flavored salt. after so many years of that i realized i wasn‚Äôt enjoying it anymore. i tried swedish snus for a while, then some pouches and was duel using. finally a couple of months ago vaping just became a thing i did‚Ä¶and the sensible thing is why inhale something extra into your lungs if you don‚Äôt even enjoy it. unlike most people giving up nic isn‚Äôt a reason i decided not to vape. so i‚Äôm very pleased to have found some decent strength &amp; subdued flavors that i enjoy during the day and evening. the difference between our approach &amp; theirs is having a habit &amp; looking for ways to sensibly &amp; safely enjoy‚Ä¶compared to purposely trying to pick up a habit at an insane level that simply isn‚Äôt necessary. nobody started smoking to start a dependency. it‚Äôs all so backwards. the over the top fruity flavors are further proof one would be looking to jump into it as a ‚Äúfun‚Äù thing to do. and sadly, gives credence to the prohibitionists that want to kill everything designed for responsible adult consumption because of ‚Äúthe kids‚Äù. this ain‚Äôt the place to look for a ‚Äúbuzz‚Äù so damn ridiculous.",2,sesh doesn‚Äôt get much mention around here.
02/12/2024 11:04,i'm a simple man that likes simple things. sesh looks simple enough for me lol,2,sesh doesn‚Äôt get much mention around here.
02/11/2024 23:11,sesh mentioned üó£Ô∏è‚ÄºÔ∏è,5,sesh doesn‚Äôt get much mention around here.
02/12/2024 07:15,üíØ,1,sesh doesn‚Äôt get much mention around here.
02/22/2024 11:36,"really appreciate this everyone. we work so hard on our products, and i'm really happy more people are starting to notice. i was originally a snus user, then vaper, i always had this dry cough and chest pain, then someone introduced me to a nic pouch in canada (whitefox) which i loved. the only drawback was that it would start to tear up my gums and the menthol was so intense. that's where this all started 5 years ago, we've come a long way...",2,sesh doesn‚Äôt get much mention around here.
02/22/2024 17:20,you‚Äôre doing a great job. the fact they‚Äôre manufactured in sweden makes a world of difference imo. much closer to the brands i‚Äôve imported over the years but ended up being cost and time prohibitive. much continued success.,1,sesh doesn‚Äôt get much mention around here.
02/22/2024 17:28,"thanks, great to know that people care about the fact it's made in sweden. it matters to me, but we've had so many offers to move to facilities in china or india but anytime i've tried samples the quality diff. is so noticeable to me. obviously, shipping is more expensive, and we're looking at either us/cdn facilities as we grow but for now we're sticking with sweden.",3,sesh doesn‚Äôt get much mention around here.
02/22/2024 19:26,"agreed. it‚Äôs never the same. one of your competitors switched to china manufacturing and it‚Äôs not as good. i can‚Äôt speak for this whole sub but i know offline a lot of people only want swedish made products. bottom line is they know it better than anyone. zyn for the us market is horrible in my opinion and was blown away when i had the genuine article for the first time. i had tried snus initially in an effort to quit vaping which i did to quit smoking but the overseas shipping and wait time just didn‚Äôt make it stick. this time i was able to completely switch and so happy i found sesh. i think you‚Äôll find there a lot of people that will find your product that understand the quality that sweden produces although they may be in smaller pockets scattered around the forums. but they‚Äôre out there. sorry for the wall of words, but thanks for all you‚Äôre doing in this space. oh‚Ä¶one more thing. your flavorings don‚Äôt taste like pure sucralose and don‚Äôt leave a weird aftertaste either. that‚Äôs damn near worth the price of admission in and of itself.*edited to say - i don‚Äôt mind paying a bit more to absorb higher shipping costs.",2,sesh doesn‚Äôt get much mention around here.
02/11/2024 16:57,are they dry or moist pouches ?,2,sesh doesn‚Äôt get much mention around here.
02/11/2024 17:09,moist. and packed nicely.,3,sesh doesn‚Äôt get much mention around here.
06/03/2024 22:53,just bought my first in texas bucees offers buy one get one free,2,sesh doesn‚Äôt get much mention around here.
06/15/2024 21:41,nice. you know if they're still running that deal? also what was the price per can?¬†,2,sesh doesn‚Äôt get much mention around here.
06/18/2024 15:50,same story as above this past saturday. 2 for one 5.37 after tax i believe,2,sesh doesn‚Äôt get much mention around here.
06/18/2024 16:38,i might have to make the 30 minute drive and go get me some. thanks for the heads up.,1,sesh doesn‚Äôt get much mention around here.
06/22/2024 14:30,yep just got two today from buccees!,2,sesh doesn‚Äôt get much mention around here.
02/10/2024 15:29,i may have to order some the next time i place an order on nicokick. i really like lucy and zynz.,2,sesh doesn‚Äôt get much mention around here.
02/10/2024 15:35,"i do enjoy lucy also, and went back &amp; forth for a while. but i do think this edges them out a bit. also i believe lucy moved their standard pouch production to china so this is kind of a plus. they were running a deal on nicokick last week. might still be on. i recommend it.",1,sesh doesn‚Äôt get much mention around here.
02/10/2024 15:44,"20 pouches is a huge plus, too. that is why i wanted to try juice heads. my personal opinion is that they are not as bad as people say. however, it's not good enough to make me excited about the cost and pouch amount to ditch zyns over them.",1,sesh doesn‚Äôt get much mention around here.
02/10/2024 15:51,excellent point i forgot to mention! and over the course of a decent size order goes a lonnnnnng way!! üëèüèª never tried juiceheads but wasn‚Äôt interested in them. i vaped for a long time and their liquids were just always too sweet for me. i‚Äôm sure they‚Äôre ok like you said. but i went from cigarettes to vaping to pouches. it might be a maturity thing but all i want is something kind of mellow that i can enjoy all day. i used to vape mints &amp; menthols so there it is. nic enjoyment should be in the background. not in your face and overbearing as far as i see it.,1,sesh doesn‚Äôt get much mention around here.
02/10/2024 16:20,"same way. went to vaping to get off the smokes. started pouches to wean off vaping and just have something mellow and discreet that i won't use all day. juice head juice wrecked my coils all the time, and i used to build my own coils. their pouches are a bit on the sweet side. the pouch size is great.  the flavors are meh. i didn't release all of them where mint so it makes it a too sweet mint. i see sesh has mint, mango, and wintergreen. that's prefect. my favorite pouch right now are lucy wintergreen and zyn chill.",1,sesh doesn‚Äôt get much mention around here.
02/11/2024 09:41,made in sweden but only available in the us it seems. i wonder if this is another swedish pouch rebranded.,3,sesh doesn‚Äôt get much mention around here.
02/22/2024 11:41,"it's not rebranded, it's a proprietary formula and we actually have a granted patent on the gumbase we use in our pouches which gives it a softness and chewiness and helps deliver the nicotine more efficiently. we partnered with the 'godfather' of nicotine pouches, thomas ericsson, on our formula.  thomas is the original inventor of zyn, dryft, nordic spirit pouches along with assisting on many other formulas you see in europe and the us today. i always loved the swedish pouches, but i could never find them in the us and so we wanted to bring that spirit to the us &amp; canadian markets. we only have regulatory filings in us on it but europe is definitely something we might explore in the future.",4,sesh doesn‚Äôt get much mention around here.
02/22/2024 17:23,"welcome to our sub, and thanks for chiming in with input on your brand!",2,sesh doesn‚Äôt get much mention around here.
02/22/2024 17:39,my pleasure! it's really helpful getting this feedback and it gives us that extra push hearing you guys talk about it.,3,sesh doesn‚Äôt get much mention around here.
05/11/2024 00:13,okay you've sold me. what's your favorite flavor?,1,sesh doesn‚Äôt get much mention around here.
02/11/2024 09:53,that would actually make a lot of sense. it‚Äôs kind of a hidden gem in the us it seems. definitely not your typical product made for standard us consumers.,1,sesh doesn‚Äôt get much mention around here.
02/10/2024 22:17,have you tried all the flavors? i‚Äôm looking to order some to try when i order my next month supply from nicokick. i used lucy for a long time but went to zyn when i dropped my nicotine down to 6mg but i enjoyed the pouch style lucy uses vs zyn,1,sesh doesn‚Äôt get much mention around here.
02/10/2024 22:29,"only flavor of sesh i‚Äôve tried is mint. i imagine i‚Äôd enjoy the wintergreen as well, as i did both with lucy. i think the flavor here of the mint at list is a bit more true and clean (if that makes sense) pouches are fairly similar. as moist if not a touch more. soft and packed nicely. much more satisfying than us zyn that‚Äôs for sure. i suggest trying at least a can or two of you liked lucy over zyn.",2,sesh doesn‚Äôt get much mention around here.
02/10/2024 22:35,thanks for the thorough reply. i‚Äôm gonna get a can of each flavor to try next time i order. i love lucy but i‚Äôm not ready to step down to 4mg yet. hopefully nicokick has the 3 for $10 pack back in stock by then,2,sesh doesn‚Äôt get much mention around here.
02/11/2024 00:02,"love sesh! made a post on it a few months back, havent had it for a few months either , wish stores around me carried it and i didnt have to order it everytime.",1,sesh doesn‚Äôt get much mention around here.
02/22/2024 13:28,"thanks! we're trying, launching with buc-ee's this month as our first major us chain.",3,sesh doesn‚Äôt get much mention around here.
02/22/2024 17:18,üëèüèª,1,sesh doesn‚Äôt get much mention around here.
02/11/2024 00:20,i think it‚Äôs great! i wish they sold it in stores too. but i‚Äôm grateful i can at least get it on nicokick and don‚Äôt have to resort to international shipping.,1,sesh doesn‚Äôt get much mention around here.
02/10/2024 22:37,no problem! i understand that. 6 is a good sweet spot for me. i hope so too. it‚Äôs a pretty good deal.,1,sesh doesn‚Äôt get much mention around here.
02/11/2024 16:40,where do u find those?,1,sesh doesn‚Äôt get much mention around here.
02/11/2024 16:47,is that in canada,2,sesh doesn‚Äôt get much mention around here.
02/12/2024 06:41,i‚Äôm pretty sure the company is based in canada. i‚Äôm not sure the best way to get it there   [canada](https://seshproducts.ca),1,sesh doesn‚Äôt get much mention around here.
02/22/2024 12:23,"yes we are canadian based (vancouver) that's where i'm from, we only sell our nicotine gum in canada right now as we're still waiting for our pouch approval from health canada. we have a us subsidiary and 2 dcs that we sell our nicotine pouches from in the us. our pouches are made in our partner's swedish facility (helsingborg).",3,sesh doesn‚Äôt get much mention around here.
02/22/2024 17:17,nice! hey max. can‚Äôt believe you‚Äôre here. i actually follow you on linkedin. lol. loyal is customer here. i think you guys have a great product and it‚Äôs great to see a company dedicated to harm reduction.,1,sesh doesn‚Äôt get much mention around here.
02/22/2024 17:22,"haha that's awesome, and it means a lot. still relatively new to reddit but someone sent me the thread so i wanted to jump in.",2,sesh doesn‚Äôt get much mention around here.
02/22/2024 17:25,nice!! i‚Äôm glad this thread made it your way.,1,sesh doesn‚Äôt get much mention around here.
02/11/2024 16:46,[sesh](https://nicokick.com/us/catalogsearch/result/?q=sesh)they‚Äôre running a decent deal on them right now. 3 for $10. i really enjoy them.,1,sesh doesn‚Äôt get much mention around here.
12/20/2023 10:18,"hey, i need some help. i've tried a few brands and sesh+ wintergreen is hands down my favorite pouch. i can't find it anywhere in 6mg.i do not like zyn or juice head. i need something that i can leave in for an hour w/o losing the flavor. i work an extremely stressful job and need the constant nicotine kick during 45 minute windows.any ideas on what else i could try? rogue's spearmint is decent but the aftertaste is disgusting. juice head is a no go. nic-s is basically zyn. the flavor goes away in 15-20 mins... just want some advice.",2,sesh+ wintergreen 6mg is out of stock everywhere
12/22/2023 08:26,i compared sesh to fre. both aren't powder and kinda on the firm side. the only problem with fre mint and wintergreen has a flavor enhancer that burns until you get used to it. i found sesh to have muted subtle flavor. try velo. it's powder but the flavor isn't super strong.,1,sesh+ wintergreen 6mg is out of stock everywhere
06/11/2024 23:11,what can i expect for flavor or no flavor from sesh clear pouches. i like their mint and wintergreen. mango was okay. good for something different than mint flavored. thanks!,2,sesh clear
06/12/2024 00:47,clear is probably not flavored,1,sesh clear
06/19/2024 14:33,clear is suppose to have no flavor . i did notice a very very light hint of sweetness from the pouch.,1,sesh clear
03/27/2023 19:04,anyone try sesh nicotine pouches? i just received an email from northerner introducing them as new. i just made an order from them but might make another if they're any good.,7,sesh nic pouches? anyone?
03/28/2023 06:23,"i haven't tried them, they're made in sweden and apparently they make great snus so they might be alright. all i can say is stay away from the ""juice head"" brand, the pouches are huge and stiff and the flavor is just harsh and just realllly bad",10,sesh nic pouches? anyone?
04/03/2023 23:38,i agree with the juicehead comment. they‚Äôre literally awful.,3,sesh nic pouches? anyone?
04/04/2023 17:55,absolutely agree about the juice head. i tried two of the strawberry mint and tossed the rest of the tim.,2,sesh nic pouches? anyone?
04/05/2023 00:39,"i tried to give mine to a friend and he hated them too, so i tossed mine as well. i'm really wary of anything they sell at a severly reduced price now. sometimes the local smokeshop has great deals on pouches",1,sesh nic pouches? anyone?
03/28/2023 11:25,i tried juice head when they were new. the only ones i liked were their peach pineapple mint and their mango strawberry mint. the flavor and nicotine in them seem to last forever. all their other flavors were really sickening to me.,1,sesh nic pouches? anyone?
03/28/2023 11:43,peach pineapple mint is the only one i tried,1,sesh nic pouches? anyone?
03/28/2023 11:48,"heh, well if you didn't like that then you'd probably puke from some of their others.",1,sesh nic pouches? anyone?
05/26/2023 21:19,"agreed on the juice head. tried one mango strawberry mint, had it in for about three minutes then tossed the rest on the tin in the trash. horrible stuff. my go-to are rogue. i think they're heads and tails above everything else, no matter what the flavor. mango, honey lemon and cinnamon are my favorites",1,sesh nic pouches? anyone?
07/22/2023 17:09,"those are my 3 favorite rogues as well! rogue definitely has the best and most lasting flavor, just wish they made higher nic level than 6",1,sesh nic pouches? anyone?
07/22/2023 17:08,"will agree, the juice head pouches are bad, horrible flavor, too big of a pouch. the 12mg doesn‚Äôt even feel like more than an 8mg on",1,sesh nic pouches? anyone?
03/31/2023 23:18,got mine today... 4mg mango.  the pouches are surprisingly stiff and dry.  not much flavor but i kinda prefer it this way.,4,sesh nic pouches? anyone?
03/31/2023 23:33,"thanks for the update. that's what i ended up ordering most of, mango, 4mg also. as long as they don't have a moldy taste like frƒì does, i'll be good.",2,sesh nic pouches? anyone?
03/31/2023 23:47,"they seem to kick a little harder, i got a little buzz from 4mg which hasn't happened in a while.  i'm curious if anyone else gets stiff pouches since they advertise as moist.",3,sesh nic pouches? anyone?
04/04/2023 10:28,"the pouches seem to be more full than most, which makes them seem stiff. the ones i got aren't powder dry, you can tell there is a little moisture in it. somewhere around a l!x or 6mg fre pouch.",3,sesh nic pouches? anyone?
04/02/2023 16:23,"ups delivered mine today and they're a bit dry and stiff but not bad. i mean they're not like a board where you can knock it against something. they're not bad tasting either, and the nicotine level seems to be about right. i've tried the mango and wintergreen so far. i also ordered a bunch of mint but haven't tried those yet.",2,sesh nic pouches? anyone?
05/25/2023 05:16,"i bought a bunch of them and i don't know what to think of them yet. seems to irritate my lips and throat more than most. zyn i can use 24 hours a day, but these start to get to me after a few mins. i really just wish a company would completely rip off zyn's recipe and put 20-25 pouches in a can for $3 or less.",3,sesh nic pouches? anyone?
05/25/2023 10:16,"i'm the opposite. i'm on my 2nd order of them now since i posted this. though they're not my favorite, i think they're okay. especially since they've been selling them for $2 or whatever. zyn makes me nauseous. i know they're popular and people like them, but there's something in them that doesn't agree with me.",1,sesh nic pouches? anyone?
07/22/2023 17:10,"interesting i‚Äôve noticed this from zyns as well, i figured i had just had too many pouches in too little time. but rogues and on don‚Äôt do that",1,sesh nic pouches? anyone?
03/28/2023 05:28,"im going to fo the same from nicokick... even if they suck, they're $2/ can for the moment.",2,sesh nic pouches? anyone?
03/29/2023 01:33,tell ya when they arrive. ordered 5 of each in 6mg to try out. hopefully soon enough to decide if they're good so i can order more while they're still $2 a can. :),2,sesh nic pouches? anyone?
03/30/2023 21:43,"ordered some myself, my go to is the nic-s orange, but for $2 a can i ordered 10 cans lol should be here tomorrow",2,sesh nic pouches? anyone?
04/26/2023 22:26,been using the mango 6 and honestly like them a lot. i get them at the store so not dry and the flavor is light.,2,sesh nic pouches? anyone?
04/27/2023 09:22,"yeah, they're not bad. they're not my favorite brand but i'll definitely pick a lot up when i see them on sale online. i've still got a bunch of them from the order i made right after posting this.",1,sesh nic pouches? anyone?
08/19/2024 15:22,you‚Äôll like fre and sesh and zone,2,sizes/shapes
07/09/2024 12:59,"that cucumber lime zyn sounds interesting. damn why does europe have all the cool flavors? here in the us we're mostly stuck with velo, rogue and on beyond zyn. it's just awful. found a place where they were selling lucy breakers (made in sweden) and other than the fact i didn't care for the flavor thing in them i loved them. so i ordered a bunch of lucy and even a couple sesh from nicokick and they still haven't shipped. but it's only been like 24 hours. just a drag when they literally tell you they ship everything within 24 hours.",1,"snusme order landed, didn‚Äôt get held up in customs this time ü•≥"
05/19/2024 23:36,sesh is good stuff.a buddy of mine blends that.  they put a lot of work and craftsmanship into it,4,still can‚Äôt find zyn but my gas station started carrying these.
05/20/2024 05:23,"sesh is a good alternative to zyn, i maybe like it even more (especially mango)",2,still can‚Äôt find zyn but my gas station started carrying these.
05/21/2024 00:14,i personally do like sesh but i did get tired of them but they are really good,1,still can‚Äôt find zyn but my gas station started carrying these.
11/26/2023 13:16,you gonna get to it once you're done with the old faithful there?,8,stoked to try this mango sesh
11/26/2023 15:50,i just wanted to try something different but i dont like it,3,stoked to try this mango sesh
11/26/2023 13:25,i really enjoyed lucy mango. worth a try if you find yourself becoming a mango fan,4,stoked to try this mango sesh
11/26/2023 22:47,to me sesh flavor was muted and the pouches were on the hard side like they were old. not worth imo,4,stoked to try this mango sesh
11/27/2023 09:47,you have any recommendations for more of a moist pouch with better flavor?,1,stoked to try this mango sesh
01/24/2024 21:38,"i haven't tried sesh but i recently got lucy, i like the mango and mint (painful) a lot, apple ice and wintergreen are okay. coming from zyn and i do like the moisture in them.",1,stoked to try this mango sesh
02/14/2024 03:20,the sesh sucked fyi lol tasted like burnt popcorn,1,stoked to try this mango sesh
02/14/2024 03:58,good to know! highly recommend lucy mango,2,stoked to try this mango sesh
02/15/2024 01:15,"i‚Äôll have to check that out, i love a good mango flavor",2,stoked to try this mango sesh
11/26/2023 16:33,sesh pouches made my teeth feel weird. don‚Äôt really know how to explain it other than like the pouches turn into sand after a while. flavor is alright but the texture just kills it. didn‚Äôt really like their mint or wintergreen flavors either.,2,stoked to try this mango sesh
11/29/2023 22:17,i become so nasueas at the sight of spearmint zyns lol,2,stoked to try this mango sesh
12/02/2023 18:53,damn really lol hopefully that doesn‚Äôt happen to me because i love them,1,stoked to try this mango sesh
11/26/2023 13:34,let us know how it tastes brother! im interested,1,stoked to try this mango sesh
11/26/2023 15:49,not great lol like mango flavored popcorn,3,stoked to try this mango sesh
11/27/2023 00:11,o jeez. that‚Äôs disappointing &amp; seems weird,2,stoked to try this mango sesh
11/27/2023 09:46,yeah it definitely was,2,stoked to try this mango sesh
11/26/2023 14:33,not a fan of them tbh. they got all dried out and the flavor was a little too artificial.,1,stoked to try this mango sesh
11/26/2023 15:49,yeah tastes like mango flavored pop corn üòÇüòÇ,3,stoked to try this mango sesh
11/30/2023 11:15,i'm glad it wasn't just me who smelled popcorn when trying these,2,stoked to try this mango sesh
04/21/2023 18:20,"i use 3-4 zyn pouches in a workday. one in the morning as my caffeine kicks in, usually 9-11 ish one in the afternoon for my second work focus sesh: 1-3 ish. one after working out, 7-8 ish. one more after dinner, 9-11 ish. pros: seems to help me focus i enjoy the taste and feeling significant mood boost sometimes curbs appetite. a zyn and a 0 calorie 7 up get rid of my hunger for hours. cons: im addictedcan make me anxious exacerbates headaches occasional heartburn and hiccups probably counts as ‚Äúlow effort dopamine‚Äù, which is apparently not good.",5,strategic nicotine use for afternoon focus and productivity
07/05/2024 18:35,"it‚Äôs just an alternative nicotine device. first was cigarettes and chewing tobacco. bad for you but feels good. then came vaping or ‚Äúelectronic cigarettes‚Äù - not as bad health-wise, so a better way to still get your nicotine fix.now you have zyn (and many others such as on!, rogue, velo, zone, frƒì, sesh, etc.) i think the first real ones were snus but they really didn‚Äôt catch on, until now. zyn is the big name brand kingpin that‚Äôs basically like the coca-cola or marlboro of the pouch world. basically just nicotine salt in a pouch you put in your lip similar to chewing tobacco, without all the bad byproducts of the tobacco - just pure nicotine getting dissolved into your bloodstream, which gives you a buzz. much safer and healthier than any of the alternatives.(hell - they even make *coffee pouches* under the brand ‚Äúgrinds‚Äù which are basically ground coffee in a little pouch you put in your lip? i guess you can suck on them to get that caffeine into your system without all the having to drink liquid? idk)",5,there is no better start to the day
06/30/2024 23:14,"imo, zone, fre, rogue (if your gums can handle it) are all better. us velo is trash, juice head is trash. i still wanna try sesh, lucy, lucy breakers.",1,the zyn shortage is effecting me :(
07/01/2024 00:24,"the mint fre are my least favorite. the wintergreen is really good, i like the sweets whenever i was something without flavor and the lush is alright i guess. i've seen sesh on nicokick too, they look good and i think they are on sale right now so i'm gonna test them",1,the zyn shortage is effecting me :(
04/30/2024 15:50,in my opinion the best nicotine pouches sold in the u.s. are rouges and sesh.,-2,trash. 
04/28/2024 13:48,seems a bit wild. just set a timer on your phone if your trying to schedule your vape sesh.,1,trying to quit. has anyone tried using time lock safe to extend the length of breaks?
05/20/2023 07:26,rogue tore the shit out of my gums after one day. switched to sesh.,1,trying to quit vaping by using pouches but my gums are killing me
07/07/2024 12:00,fre is a good one too! similar to swedish pouches...sesh is superior imo,2,"us velos are cheeks, how much better are the swedish ones? "
07/07/2024 12:09,i‚Äôve been needing to try sesh mango for a while now. but ya know.. it‚Äôs hard to not order the norm lol,1,"us velos are cheeks, how much better are the swedish ones? "
07/07/2024 12:32,i heard that! mango sesh are so good! i have a can that i've been picking at here n there lol living in cali have too order it. good thing a few stores near me sell flavored pouches,1,"us velos are cheeks, how much better are the swedish ones? "
07/06/2024 23:47,"swedish brands like xqs, nic-s, and sesh aren‚Äôt too bad. found some in my city. xqs and sesh pouches feel pretty comfortable.",2,"us velos are cheeks, how much better are the swedish ones? "
02/03/2024 07:58,"i'm using a gum called ""sesh"" with 4mg nicotine content- it's great for focus especially going to class/lectures",3,vaping without nicotine and chewing nicotine gum. which is better for health?
03/17/2024 06:50,sesh is very close i don‚Äôt know why no one talks about them but i‚Äôve stopped ordering from overseas once i found them. limited on flavor options but the ones they have are great,1,what's an american pouch similar to european velo?
07/14/2024 13:18,sesh mint 8mg,1,what‚Äôs everybody dipping on today?
07/14/2024 17:49,sesh wintergreen 6,1,what‚Äôs everybody dipping on today?
08/24/2024 01:24,"true but it's annoying as hell they're taking away 2 flavours,meanwhile i bought cinnamon flavoured sesh gum which are displayed right up at the checkout counters. makes no sense. i'll gladly let the gov restrict nic gums in exchange for zonnic to be let out of the cage,lol.",3,what are we doing now that zonnic is effectively banned? (canada)
08/02/2024 17:32,fre or sesh are good choices!,2,what brands of moist pouches are available in american stores?
11/29/2023 02:27,im in manitoba and there‚Äôs an insane amount of demand with no supply. all stores sell out within half an hour of delivery if they even get the delivery.. 711 has sesh gum as an alternative option but it does not sell at all. debating switching to it just to have something to curb the nic cravings from quitting vaping,2,what happened to zonnic in canada?
12/11/2023 19:06,"i‚Äôve been using sesh since i posted my original comment and it does help quite a bit, but zonnic actually takes the vape craving away where i‚Äôm finding sesh is only making me crave vaping more ü´†",2,what happened to zonnic in canada?
05/19/2024 23:39,bought a sesh mango when picking up zyns. not terrible. i want to try the mint ones next to compare.,1,what product is closest to zyn? 
07/03/2024 01:27,"that's a really interesting idea as somebody who also hates dry pouches. i was also surprised by fre, i've only tried lush but it's probably the third best brand i've tried after lucy and sesh. only tried the sesh mango as well, looking to try some of their minty flavors.",1,what went wrong 
12/19/2023 17:29,i‚Äôve been looking everywhere as well and i think there‚Äôs a shortage. it‚Äôs really helped me with quitting smoking and now they‚Äôre out everywhere.. now i‚Äôm using a nicotine gum called ‚Äúsesh‚Äù and it‚Äôs helping but i‚Äôm not a fan of gum in general.,5,where are all the zonnics?!?
04/08/2024 04:42,"lucy, sesh, zone, fre and rogue are all moist",2,where to find moist pouches in usa?
04/07/2024 23:29,try sesh. they sell them in on northerner and nicokick as well as the sesh website. they have been my daily for about 2 months since i quit vaping,1,where to find moist pouches in usa?
04/08/2024 12:46,sesh mint jor frƒì sweet pouches are my go-to,2,where to find moist pouches in usa?
08/13/2024 03:21,sesh is my favorite. i get them online but they‚Äôre so easy on my gums that i‚Äôll throw in a zone with them just to spice things up. sesh is my unwind type of pouch.,1,which pouch is easiest on the gums?
06/10/2024 13:00,"fr√©, zone, sesh, lucy breakers, nic-s are all moist american brands. i get all mine online, but i've seen people on here find some of these brands in stores",7,why does the us only get dry portions? 
06/10/2024 17:05,"lucy and frƒì are considered moist pouches. i haven't tried any of the newer brands like sesh, ubbs or zimo. when i came back to np's i went straight to eu pouches",1,why does the us only get dry portions? 
08/22/2024 16:35,"they're not bad, and they last a while too.  it was a one and done for me because of the size.  the rogue is twice as big as a xyn.  i've read about messing up your gums, or receding gums, something like that, so i've stuck with the xyn chill 3 mg (my favorite).  if on budge, the on! brand isn't bad at all.  i still haven't tried velo, sesh or zone.  does anyone know if those ones are worth trying?",1,why do i hear so much bad about rogue pouches?
03/17/2024 22:53,"8mg is just kind of viewed as a higher end of the unofficial ""standard"" strength, and anything 1mg-8mg is just an accepted framework in the us. i can only think of fr√© and juicehead being the only two widespread quasi locally available pouches that exceed 8mg (granted lucy, nic-s, sesh, and others are available online.) vape liquids were commonly in the same ball park (3-12mg being fairly standard) yet many, many companies would offer up to 24mg, and once refillable pod systems became available, the same 50mg that was once relegated to disposable/prefilled vapes became fairly common. i used to think it was odd that pouches relegated themselves to the low end versus vaping that grew exponentially to fill any and all offerings. then again, vaping was attacked and is now a shell of what it once was, so maybe they are iffy about drawing even more attention then they already are. then again, vape products weren't subject to the 2009 ""family smoking prevention and tobacco control act"" until 2016, and still further time until they were informed that they were subject to the pmta requirements of tobacco products. currently synthetic nicotine products are exempt from the act, but that could easily change at anytime as it did with vape products. tl:dr; the us market has had a ""standardized"" mg range for products for a long time. if swedish match/zyn didn't try to bring higher mg products to market previously, they almost certainly won't do it now as senator schumer is beating the war drums against zyn with their current 3mg/6mg offerings.",9,why don't we get these strengths in the us?
06/26/2024 15:44,"lucy is the best pouch i've tried in the u.s. mango and mint are my favorites, don't care for the other flavors. sesh mango is pretty good too, though i've only seen them at buc-ee's, not sure if you have them over there.both of these are *leagues* better than zyn imo",2,zyn shortage 
06/26/2024 23:07,"lately ive  been on the hunt for sweden pouches. they are the softest and doesnt seem to mess with my gums. i was lucky to find some called sesh, xqs, and lucysesh and xqs were nice and comfortable. not extremely sweet.there will be spots out there that have em still at a premium. im in ca",2,zyn shortage 
06/07/2024 23:07,sesh wintergreen isn‚Äôt terrible. wet pouch and the flavor lasts a while,0,zyn wintergreen alternative
06/08/2024 08:13,"sesh wintergreen is insanely good, but you have to order it online",0,zyn wintergreen alternative
